CustomerID,CustomerName,Email,City,Address,LastUpdated
1,Aarav Sharma,aarav.sharma@mail.com,Mumbai,MG Road,01-01-2025
2,Aarav Patil,aarav.patil@mail.com,Pune,Station Road,02-01-2025
3,Aarav Verma,aarav.verma@mail.com,Delhi,Link Road,03-01-2025
4,Aarav Gupta,aarav.gupta@mail.com,Bengaluru,FC Road,04-01-2025
5,Aarav Deshmukh,aarav.deshmukh@mail.com,Hyderabad,Ring Road,05-01-2025
6,Aarav Kulkarni,aarav.kulkarni@mail.com,Chennai,Park Street,06-01-2025
7,Aarav Mehta,aarav.mehta@mail.com,Kolkata,MG Road,07-01-2025
8,Aarav Jain,aarav.jain@mail.com,Ahmedabad,Station Road,08-01-2025
9,Aarav Khan,aarav.khan@mail.com,Jaipur,Link Road,09-01-2025
10,Aarav Iyer,aarav.iyer@mail.com,Nagpur,FC Road,10-01-2025
11,Aarav Reddy,aarav.reddy@mail.com,Mumbai,Ring Road,11-01-2025
12,Aarav Naik,aarav.naik@mail.com,Pune,Park Street,12-01-2025
13,Aarav Chopra,aarav.chopra@mail.com,Delhi,MG Road,13-01-2025
14,Aarav Bansal,aarav.bansal@mail.com,Bengaluru,Station Road,14-01-2025
15,Aarav Malhotra,aarav.malhotra@mail.com,Hyderabad,Link Road,15-01-2025
16,Vihaan Sharma,vihaan.sharma@mail.com,Chennai,FC Road,16-01-2025
17,Vihaan Patil,vihaan.patil@mail.com,Kolkata,Ring Road,17-01-2025
18,Vihaan Verma,vihaan.verma@mail.com,Ahmedabad,Park Street,18-01-2025
19,Vihaan Gupta,vihaan.gupta@mail.com,Jaipur,MG Road,19-01-2025
20,Vihaan Deshmukh,vihaan.deshmukh@mail.com,Nagpur,Station Road,20-01-2025
21,Vihaan Kulkarni,vihaan.kulkarni@mail.com,Mumbai,Link Road,21-01-2025
22,Vihaan Mehta,vihaan.mehta@mail.com,Pune,FC Road,22-01-2025
23,Vihaan Jain,vihaan.jain@mail.com,Delhi,Ring Road,23-01-2025
24,Vihaan Khan,vihaan.khan@mail.com,Bengaluru,Park Street,24-01-2025
25,Vihaan Iyer,vihaan.iyer@mail.com,Hyderabad,MG Road,25-01-2025
26,Vihaan Reddy,vihaan.reddy@mail.com,Chennai,Station Road,26-01-2025
27,Vihaan Naik,vihaan.naik@mail.com,Kolkata,Link Road,27-01-2025
28,Vihaan Chopra,vihaan.chopra@mail.com,Ahmedabad,FC Road,28-01-2025
29,Vihaan Bansal,vihaan.bansal@mail.com,Jaipur,Ring Road,29-01-2025
30,Vihaan Malhotra,vihaan.malhotra@mail.com,Nagpur,Park Street,30-01-2025
31,Aditya Sharma,aditya.sharma@mail.com,Mumbai,MG Road,01-01-2025
32,Aditya Patil,aditya.patil@mail.com,Pune,Station Road,02-01-2025
33,Aditya Verma,aditya.verma@mail.com,Delhi,Link Road,03-01-2025
34,Aditya Gupta,aditya.gupta@mail.com,Bengaluru,FC Road,04-01-2025
35,Aditya Deshmukh,aditya.deshmukh@mail.com,Hyderabad,Ring Road,05-01-2025
36,Aditya Kulkarni,aditya.kulkarni@mail.com,Chennai,Park Street,06-01-2025
37,Aditya Mehta,aditya.mehta@mail.com,Kolkata,MG Road,07-01-2025
38,Aditya Jain,aditya.jain@mail.com,Ahmedabad,Station Road,08-01-2025
39,Aditya Khan,aditya.khan@mail.com,Jaipur,Link Road,09-01-2025
40,Aditya Iyer,aditya.iyer@mail.com,Nagpur,FC Road,10-01-2025
41,Aditya Reddy,aditya.reddy@mail.com,Mumbai,Ring Road,11-01-2025
42,Aditya Naik,aditya.naik@mail.com,Pune,Park Street,12-01-2025
43,Aditya Chopra,aditya.chopra@mail.com,Delhi,MG Road,13-01-2025
44,Aditya Bansal,aditya.bansal@mail.com,Bengaluru,Station Road,14-01-2025
45,Aditya Malhotra,aditya.malhotra@mail.com,Hyderabad,Link Road,15-01-2025
46,Rohan Sharma,rohan.sharma@mail.com,Chennai,FC Road,16-01-2025
47,Rohan Patil,rohan.patil@mail.com,Kolkata,Ring Road,17-01-2025
48,Rohan Verma,rohan.verma@mail.com,Ahmedabad,Park Street,18-01-2025
49,Rohan Gupta,rohan.gupta@mail.com,Jaipur,MG Road,19-01-2025
50,Rohan Deshmukh,rohan.deshmukh@mail.com,Nagpur,Station Road,20-01-2025
51,Rohan Kulkarni,rohan.kulkarni@mail.com,Mumbai,Link Road,21-01-2025
52,Rohan Mehta,rohan.mehta@mail.com,Pune,FC Road,22-01-2025
53,Rohan Jain,rohan.jain@mail.com,Delhi,Ring Road,23-01-2025
54,Rohan Khan,rohan.khan@mail.com,Bengaluru,Park Street,24-01-2025
55,Rohan Iyer,rohan.iyer@mail.com,Hyderabad,MG Road,25-01-2025
56,Rohan Reddy,rohan.reddy@mail.com,Chennai,Station Road,26-01-2025
57,Rohan Naik,rohan.naik@mail.com,Kolkata,Link Road,27-01-2025
58,Rohan Chopra,rohan.chopra@mail.com,Ahmedabad,FC Road,28-01-2025
59,Rohan Bansal,rohan.bansal@mail.com,Jaipur,Ring Road,29-01-2025
60,Rohan Malhotra,rohan.malhotra@mail.com,Nagpur,Park Street,30-01-2025
61,Kunal Sharma,kunal.sharma@mail.com,Mumbai,MG Road,01-01-2025
62,Kunal Patil,kunal.patil@mail.com,Pune,Station Road,02-01-2025
63,Kunal Verma,kunal.verma@mail.com,Delhi,Link Road,03-01-2025
64,Kunal Gupta,kunal.gupta@mail.com,Bengaluru,FC Road,04-01-2025
65,Kunal Deshmukh,kunal.deshmukh@mail.com,Hyderabad,Ring Road,05-01-2025
66,Kunal Kulkarni,kunal.kulkarni@mail.com,Chennai,Park Street,06-01-2025
67,Kunal Mehta,kunal.mehta@mail.com,Kolkata,MG Road,07-01-2025
68,Kunal Jain,kunal.jain@mail.com,Ahmedabad,Station Road,08-01-2025
69,Kunal Khan,kunal.khan@mail.com,Jaipur,Link Road,09-01-2025
70,Kunal Iyer,kunal.iyer@mail.com,Nagpur,FC Road,10-01-2025
71,Kunal Reddy,kunal.reddy@mail.com,Mumbai,Ring Road,11-01-2025
72,Kunal Naik,kunal.naik@mail.com,Pune,Park Street,12-01-2025
73,Kunal Chopra,kunal.chopra@mail.com,Delhi,MG Road,13-01-2025
74,Kunal Bansal,kunal.bansal@mail.com,Bengaluru,Station Road,14-01-2025
75,Kunal Malhotra,kunal.malhotra@mail.com,Hyderabad,Link Road,15-01-2025
76,Rahul Sharma,rahul.sharma@mail.com,Chennai,FC Road,16-01-2025
77,Rahul Patil,rahul.patil@mail.com,Kolkata,Ring Road,17-01-2025
78,Rahul Verma,rahul.verma@mail.com,Ahmedabad,Park Street,18-01-2025
79,Rahul Gupta,rahul.gupta@mail.com,Jaipur,MG Road,19-01-2025
80,Rahul Deshmukh,rahul.deshmukh@mail.com,Nagpur,Station Road,20-01-2025
81,Rahul Kulkarni,rahul.kulkarni@mail.com,Mumbai,Link Road,21-01-2025
82,Rahul Mehta,rahul.mehta@mail.com,Pune,FC Road,22-01-2025
83,Rahul Jain,rahul.jain@mail.com,Delhi,Ring Road,23-01-2025
84,Rahul Khan,rahul.khan@mail.com,Bengaluru,Park Street,24-01-2025
85,Rahul Iyer,rahul.iyer@mail.com,Hyderabad,MG Road,25-01-2025
86,Rahul Reddy,rahul.reddy@mail.com,Chennai,Station Road,26-01-2025
87,Rahul Naik,rahul.naik@mail.com,Kolkata,Link Road,27-01-2025
88,Rahul Chopra,rahul.chopra@mail.com,Ahmedabad,FC Road,28-01-2025
89,Rahul Bansal,rahul.bansal@mail.com,Jaipur,Ring Road,29-01-2025
90,Rahul Malhotra,rahul.malhotra@mail.com,Nagpur,Park Street,30-01-2025
91,Suresh Sharma,suresh.sharma@mail.com,Mumbai,MG Road,01-01-2025
92,Suresh Patil,suresh.patil@mail.com,Pune,Station Road,02-01-2025
93,Suresh Verma,suresh.verma@mail.com,Delhi,Link Road,03-01-2025
94,Suresh Gupta,suresh.gupta@mail.com,Bengaluru,FC Road,04-01-2025
95,Suresh Deshmukh,suresh.deshmukh@mail.com,Hyderabad,Ring Road,05-01-2025
96,Suresh Kulkarni,suresh.kulkarni@mail.com,Chennai,Park Street,06-01-2025
97,Suresh Mehta,suresh.mehta@mail.com,Kolkata,MG Road,07-01-2025
98,Suresh Jain,suresh.jain@mail.com,Ahmedabad,Station Road,08-01-2025
99,Suresh Khan,suresh.khan@mail.com,Jaipur,Link Road,09-01-2025
100,Suresh Iyer,suresh.iyer@mail.com,Nagpur,FC Road,10-01-2025
101,Suresh Reddy,suresh.reddy@mail.com,Mumbai,Ring Road,11-01-2025
102,Suresh Naik,suresh.naik@mail.com,Pune,Park Street,12-01-2025
103,Suresh Chopra,suresh.chopra@mail.com,Delhi,MG Road,13-01-2025
104,Suresh Bansal,suresh.bansal@mail.com,Bengaluru,Station Road,14-01-2025
105,Suresh Malhotra,suresh.malhotra@mail.com,Hyderabad,Link Road,15-01-2025
106,Amit Sharma,amit.sharma@mail.com,Chennai,FC Road,16-01-2025
107,Amit Patil,amit.patil@mail.com,Kolkata,Ring Road,17-01-2025
108,Amit Verma,amit.verma@mail.com,Ahmedabad,Park Street,18-01-2025
109,Amit Gupta,amit.gupta@mail.com,Jaipur,MG Road,19-01-2025
110,Amit Deshmukh,amit.deshmukh@mail.com,Nagpur,Station Road,20-01-2025
111,Amit Kulkarni,amit.kulkarni@mail.com,Mumbai,Link Road,21-01-2025
112,Amit Mehta,amit.mehta@mail.com,Pune,FC Road,22-01-2025
113,Amit Jain,amit.jain@mail.com,Delhi,Ring Road,23-01-2025
114,Amit Khan,amit.khan@mail.com,Bengaluru,Park Street,24-01-2025
115,Amit Iyer,amit.iyer@mail.com,Hyderabad,MG Road,25-01-2025
116,Amit Reddy,amit.reddy@mail.com,Chennai,Station Road,26-01-2025
117,Amit Naik,amit.naik@mail.com,Kolkata,Link Road,27-01-2025
118,Amit Chopra,amit.chopra@mail.com,Ahmedabad,FC Road,28-01-2025
119,Amit Bansal,amit.bansal@mail.com,Jaipur,Ring Road,29-01-2025
120,Amit Malhotra,amit.malhotra@mail.com,Nagpur,Park Street,30-01-2025
121,Vivek Sharma,vivek.sharma@mail.com,Mumbai,MG Road,01-01-2025
122,Vivek Patil,vivek.patil@mail.com,Pune,Station Road,02-01-2025
123,Vivek Verma,vivek.verma@mail.com,Delhi,Link Road,03-01-2025
124,Vivek Gupta,vivek.gupta@mail.com,Bengaluru,FC Road,04-01-2025
125,Vivek Deshmukh,vivek.deshmukh@mail.com,Hyderabad,Ring Road,05-01-2025
126,Vivek Kulkarni,vivek.kulkarni@mail.com,Chennai,Park Street,06-01-2025
127,Vivek Mehta,vivek.mehta@mail.com,Kolkata,MG Road,07-01-2025
128,Vivek Jain,vivek.jain@mail.com,Ahmedabad,Station Road,08-01-2025
129,Vivek Khan,vivek.khan@mail.com,Jaipur,Link Road,09-01-2025
130,Vivek Iyer,vivek.iyer@mail.com,Nagpur,FC Road,10-01-2025
131,Vivek Reddy,vivek.reddy@mail.com,Mumbai,Ring Road,11-01-2025
132,Vivek Naik,vivek.naik@mail.com,Pune,Park Street,12-01-2025
133,Vivek Chopra,vivek.chopra@mail.com,Delhi,MG Road,13-01-2025
134,Vivek Bansal,vivek.bansal@mail.com,Bengaluru,Station Road,14-01-2025
135,Vivek Malhotra,vivek.malhotra@mail.com,Hyderabad,Link Road,15-01-2025
136,Ankit Sharma,ankit.sharma@mail.com,Chennai,FC Road,16-01-2025
137,Ankit Patil,ankit.patil@mail.com,Kolkata,Ring Road,17-01-2025
138,Ankit Verma,ankit.verma@mail.com,Ahmedabad,Park Street,18-01-2025
139,Ankit Gupta,ankit.gupta@mail.com,Jaipur,MG Road,19-01-2025
140,Ankit Deshmukh,ankit.deshmukh@mail.com,Nagpur,Station Road,20-01-2025
141,Ankit Kulkarni,ankit.kulkarni@mail.com,Mumbai,Link Road,21-01-2025
142,Ankit Mehta,ankit.mehta@mail.com,Pune,FC Road,22-01-2025
143,Ankit Jain,ankit.jain@mail.com,Delhi,Ring Road,23-01-2025
144,Ankit Khan,ankit.khan@mail.com,Bengaluru,Park Street,24-01-2025
145,Ankit Iyer,ankit.iyer@mail.com,Hyderabad,MG Road,25-01-2025
146,Ankit Reddy,ankit.reddy@mail.com,Chennai,Station Road,26-01-2025
147,Ankit Naik,ankit.naik@mail.com,Kolkata,Link Road,27-01-2025
148,Ankit Chopra,ankit.chopra@mail.com,Ahmedabad,FC Road,28-01-2025
149,Ankit Bansal,ankit.bansal@mail.com,Jaipur,Ring Road,29-01-2025
150,Ankit Malhotra,ankit.malhotra@mail.com,Nagpur,Park Street,30-01-2025
151,Priya Sharma,priya.sharma@mail.com,Mumbai,MG Road,01-01-2025
152,Priya Patil,priya.patil@mail.com,Pune,Station Road,02-01-2025
153,Priya Verma,priya.verma@mail.com,Delhi,Link Road,03-01-2025
154,Priya Gupta,priya.gupta@mail.com,Bengaluru,FC Road,04-01-2025
155,Priya Deshmukh,priya.deshmukh@mail.com,Hyderabad,Ring Road,05-01-2025
156,Priya Kulkarni,priya.kulkarni@mail.com,Chennai,Park Street,06-01-2025
157,Priya Mehta,priya.mehta@mail.com,Kolkata,MG Road,07-01-2025
158,Priya Jain,priya.jain@mail.com,Ahmedabad,Station Road,08-01-2025
159,Priya Khan,priya.khan@mail.com,Jaipur,Link Road,09-01-2025
160,Priya Iyer,priya.iyer@mail.com,Nagpur,FC Road,10-01-2025
161,Priya Reddy,priya.reddy@mail.com,Mumbai,Ring Road,11-01-2025
162,Priya Naik,priya.naik@mail.com,Pune,Park Street,12-01-2025
163,Priya Chopra,priya.chopra@mail.com,Delhi,MG Road,13-01-2025
164,Priya Bansal,priya.bansal@mail.com,Bengaluru,Station Road,14-01-2025
165,Priya Malhotra,priya.malhotra@mail.com,Hyderabad,Link Road,15-01-2025
166,Neha Sharma,neha.sharma@mail.com,Chennai,FC Road,16-01-2025
167,Neha Patil,neha.patil@mail.com,Kolkata,Ring Road,17-01-2025
168,Neha Verma,neha.verma@mail.com,Ahmedabad,Park Street,18-01-2025
169,Neha Gupta,neha.gupta@mail.com,Jaipur,MG Road,19-01-2025
170,Neha Deshmukh,neha.deshmukh@mail.com,Nagpur,Station Road,20-01-2025
171,Neha Kulkarni,neha.kulkarni@mail.com,Mumbai,Link Road,21-01-2025
172,Neha Mehta,neha.mehta@mail.com,Pune,FC Road,22-01-2025
173,Neha Jain,neha.jain@mail.com,Delhi,Ring Road,23-01-2025
174,Neha Khan,neha.khan@mail.com,Bengaluru,Park Street,24-01-2025
175,Neha Iyer,neha.iyer@mail.com,Hyderabad,MG Road,25-01-2025
176,Neha Reddy,neha.reddy@mail.com,Chennai,Station Road,26-01-2025
177,Neha Naik,neha.naik@mail.com,Kolkata,Link Road,27-01-2025
178,Neha Chopra,neha.chopra@mail.com,Ahmedabad,FC Road,28-01-2025
179,Neha Bansal,neha.bansal@mail.com,Jaipur,Ring Road,29-01-2025
180,Neha Malhotra,neha.malhotra@mail.com,Nagpur,Park Street,30-01-2025
181,Pooja Sharma,pooja.sharma@mail.com,Mumbai,MG Road,01-01-2025
182,Pooja Patil,pooja.patil@mail.com,Pune,Station Road,02-01-2025
183,Pooja Verma,pooja.verma@mail.com,Delhi,Link Road,03-01-2025
184,Pooja Gupta,pooja.gupta@mail.com,Bengaluru,FC Road,04-01-2025
185,Pooja Deshmukh,pooja.deshmukh@mail.com,Hyderabad,Ring Road,05-01-2025
186,Pooja Kulkarni,pooja.kulkarni@mail.com,Chennai,Park Street,06-01-2025
187,Pooja Mehta,pooja.mehta@mail.com,Kolkata,MG Road,07-01-2025
188,Pooja Jain,pooja.jain@mail.com,Ahmedabad,Station Road,08-01-2025
189,Pooja Khan,pooja.khan@mail.com,Jaipur,Link Road,09-01-2025
190,Pooja Iyer,pooja.iyer@mail.com,Nagpur,FC Road,10-01-2025
191,Pooja Reddy,pooja.reddy@mail.com,Mumbai,Ring Road,11-01-2025
192,Pooja Naik,pooja.naik@mail.com,Pune,Park Street,12-01-2025
193,Pooja Chopra,pooja.chopra@mail.com,Delhi,MG Road,13-01-2025
194,Pooja Bansal,pooja.bansal@mail.com,Bengaluru,Station Road,14-01-2025
195,Pooja Malhotra,pooja.malhotra@mail.com,Hyderabad,Link Road,15-01-2025
196,Anjali Sharma,anjali.sharma@mail.com,Chennai,FC Road,16-01-2025
197,Anjali Patil,anjali.patil@mail.com,Kolkata,Ring Road,17-01-2025
198,Anjali Verma,anjali.verma@mail.com,Ahmedabad,Park Street,18-01-2025
199,Anjali Gupta,anjali.gupta@mail.com,Jaipur,MG Road,19-01-2025
200,Anjali Deshmukh,anjali.deshmukh@mail.com,Nagpur,Station Road,20-01-2025
201,Anjali Kulkarni,anjali.kulkarni@mail.com,Mumbai,Link Road,21-01-2025
202,Anjali Mehta,anjali.mehta@mail.com,Pune,FC Road,22-01-2025
203,Anjali Jain,anjali.jain@mail.com,Delhi,Ring Road,23-01-2025
204,Anjali Khan,anjali.khan@mail.com,Bengaluru,Park Street,24-01-2025
205,Anjali Iyer,anjali.iyer@mail.com,Hyderabad,MG Road,25-01-2025
206,Anjali Reddy,anjali.reddy@mail.com,Chennai,Station Road,26-01-2025
207,Anjali Naik,anjali.naik@mail.com,Kolkata,Link Road,27-01-2025
208,Anjali Chopra,anjali.chopra@mail.com,Ahmedabad,FC Road,28-01-2025
209,Anjali Bansal,anjali.bansal@mail.com,Jaipur,Ring Road,29-01-2025
210,Anjali Malhotra,anjali.malhotra@mail.com,Nagpur,Park Street,30-01-2025
211,Kavya Sharma,kavya.sharma@mail.com,Mumbai,MG Road,01-01-2025
212,Kavya Patil,kavya.patil@mail.com,Pune,Station Road,02-01-2025
213,Kavya Verma,kavya.verma@mail.com,Delhi,Link Road,03-01-2025
214,Kavya Gupta,kavya.gupta@mail.com,Bengaluru,FC Road,04-01-2025
215,Kavya Deshmukh,kavya.deshmukh@mail.com,Hyderabad,Ring Road,05-01-2025
216,Kavya Kulkarni,kavya.kulkarni@mail.com,Chennai,Park Street,06-01-2025
217,Kavya Mehta,kavya.mehta@mail.com,Kolkata,MG Road,07-01-2025
218,Kavya Jain,kavya.jain@mail.com,Ahmedabad,Station Road,08-01-2025
219,Kavya Khan,kavya.khan@mail.com,Jaipur,Link Road,09-01-2025
220,Kavya Iyer,kavya.iyer@mail.com,Nagpur,FC Road,10-01-2025
221,Kavya Reddy,kavya.reddy@mail.com,Mumbai,Ring Road,11-01-2025
222,Kavya Naik,kavya.naik@mail.com,Pune,Park Street,12-01-2025
223,Kavya Chopra,kavya.chopra@mail.com,Delhi,MG Road,13-01-2025
224,Kavya Bansal,kavya.bansal@mail.com,Bengaluru,Station Road,14-01-2025
225,Kavya Malhotra,kavya.malhotra@mail.com,Hyderabad,Link Road,15-01-2025
226,Sneha Sharma,sneha.sharma@mail.com,Chennai,FC Road,16-01-2025
227,Sneha Patil,sneha.patil@mail.com,Kolkata,Ring Road,17-01-2025
228,Sneha Verma,sneha.verma@mail.com,Ahmedabad,Park Street,18-01-2025
229,Sneha Gupta,sneha.gupta@mail.com,Jaipur,MG Road,19-01-2025
230,Sneha Deshmukh,sneha.deshmukh@mail.com,Nagpur,Station Road,20-01-2025
231,Sneha Kulkarni,sneha.kulkarni@mail.com,Mumbai,Link Road,21-01-2025
232,Sneha Mehta,sneha.mehta@mail.com,Pune,FC Road,22-01-2025
233,Sneha Jain,sneha.jain@mail.com,Delhi,Ring Road,23-01-2025
234,Sneha Khan,sneha.khan@mail.com,Bengaluru,Park Street,24-01-2025
235,Sneha Iyer,sneha.iyer@mail.com,Hyderabad,MG Road,25-01-2025
236,Sneha Reddy,sneha.reddy@mail.com,Chennai,Station Road,26-01-2025
237,Sneha Naik,sneha.naik@mail.com,Kolkata,Link Road,27-01-2025
238,Sneha Chopra,sneha.chopra@mail.com,Ahmedabad,FC Road,28-01-2025
239,Sneha Bansal,sneha.bansal@mail.com,Jaipur,Ring Road,29-01-2025
240,Sneha Malhotra,sneha.malhotra@mail.com,Nagpur,Park Street,30-01-2025
241,Ritu Sharma,ritu.sharma@mail.com,Mumbai,MG Road,01-01-2025
242,Ritu Patil,ritu.patil@mail.com,Pune,Station Road,02-01-2025
243,Ritu Verma,ritu.verma@mail.com,Delhi,Link Road,03-01-2025
244,Ritu Gupta,ritu.gupta@mail.com,Bengaluru,FC Road,04-01-2025
245,Ritu Deshmukh,ritu.deshmukh@mail.com,Hyderabad,Ring Road,05-01-2025
246,Ritu Kulkarni,ritu.kulkarni@mail.com,Chennai,Park Street,06-01-2025
247,Ritu Mehta,ritu.mehta@mail.com,Kolkata,MG Road,07-01-2025
248,Ritu Jain,ritu.jain@mail.com,Ahmedabad,Station Road,08-01-2025
249,Ritu Khan,ritu.khan@mail.com,Jaipur,Link Road,09-01-2025
250,Ritu Iyer,ritu.iyer@mail.com,Nagpur,FC Road,10-01-2025
251,Ritu Reddy,ritu.reddy@mail.com,Mumbai,Ring Road,11-01-2025
252,Ritu Naik,ritu.naik@mail.com,Pune,Park Street,12-01-2025
253,Ritu Chopra,ritu.chopra@mail.com,Delhi,MG Road,13-01-2025
254,Ritu Bansal,ritu.bansal@mail.com,Bengaluru,Station Road,14-01-2025
255,Ritu Malhotra,ritu.malhotra@mail.com,Hyderabad,Link Road,15-01-2025
256,Swati Sharma,swati.sharma@mail.com,Chennai,FC Road,16-01-2025
257,Swati Patil,swati.patil@mail.com,Kolkata,Ring Road,17-01-2025
258,Swati Verma,swati.verma@mail.com,Ahmedabad,Park Street,18-01-2025
259,Swati Gupta,swati.gupta@mail.com,Jaipur,MG Road,19-01-2025
260,Swati Deshmukh,swati.deshmukh@mail.com,Nagpur,Station Road,20-01-2025
261,Swati Kulkarni,swati.kulkarni@mail.com,Mumbai,Link Road,21-01-2025
262,Swati Mehta,swati.mehta@mail.com,Pune,FC Road,22-01-2025
263,Swati Jain,swati.jain@mail.com,Delhi,Ring Road,23-01-2025
264,Swati Khan,swati.khan@mail.com,Bengaluru,Park Street,24-01-2025
265,Swati Iyer,swati.iyer@mail.com,Hyderabad,MG Road,25-01-2025
266,Swati Reddy,swati.reddy@mail.com,Chennai,Station Road,26-01-2025
267,Swati Naik,swati.naik@mail.com,Kolkata,Link Road,27-01-2025
268,Swati Chopra,swati.chopra@mail.com,Ahmedabad,FC Road,28-01-2025
269,Swati Bansal,swati.bansal@mail.com,Jaipur,Ring Road,29-01-2025
270,Swati Malhotra,swati.malhotra@mail.com,Nagpur,Park Street,30-01-2025
271,Meenal Sharma,meenal.sharma@mail.com,Mumbai,MG Road,01-01-2025
272,Meenal Patil,meenal.patil@mail.com,Pune,Station Road,02-01-2025
273,Meenal Verma,meenal.verma@mail.com,Delhi,Link Road,03-01-2025
274,Meenal Gupta,meenal.gupta@mail.com,Bengaluru,FC Road,04-01-2025
275,Meenal Deshmukh,meenal.deshmukh@mail.com,Hyderabad,Ring Road,05-01-2025
276,Meenal Kulkarni,meenal.kulkarni@mail.com,Chennai,Park Street,06-01-2025
277,Meenal Mehta,meenal.mehta@mail.com,Kolkata,MG Road,07-01-2025
278,Meenal Jain,meenal.jain@mail.com,Ahmedabad,Station Road,08-01-2025
279,Meenal Khan,meenal.khan@mail.com,Jaipur,Link Road,09-01-2025
280,Meenal Iyer,meenal.iyer@mail.com,Nagpur,FC Road,10-01-2025
281,Meenal Reddy,meenal.reddy@mail.com,Mumbai,Ring Road,11-01-2025
282,Meenal Naik,meenal.naik@mail.com,Pune,Park Street,12-01-2025
283,Meenal Chopra,meenal.chopra@mail.com,Delhi,MG Road,13-01-2025
284,Meenal Bansal,meenal.bansal@mail.com,Bengaluru,Station Road,14-01-2025
285,Meenal Malhotra,meenal.malhotra@mail.com,Hyderabad,Link Road,15-01-2025
286,Shreya Sharma,shreya.sharma@mail.com,Chennai,FC Road,16-01-2025
287,Shreya Patil,shreya.patil@mail.com,Kolkata,Ring Road,17-01-2025
288,Shreya Verma,shreya.verma@mail.com,Ahmedabad,Park Street,18-01-2025
289,Shreya Gupta,shreya.gupta@mail.com,Jaipur,MG Road,19-01-2025
290,Shreya Deshmukh,shreya.deshmukh@mail.com,Nagpur,Station Road,20-01-2025
291,Shreya Kulkarni,shreya.kulkarni@mail.com,Mumbai,Link Road,21-01-2025
292,Shreya Mehta,shreya.mehta@mail.com,Pune,FC Road,22-01-2025
293,Shreya Jain,shreya.jain@mail.com,Delhi,Ring Road,23-01-2025
294,Shreya Khan,shreya.khan@mail.com,Bengaluru,Park Street,24-01-2025
295,Shreya Iyer,shreya.iyer@mail.com,Hyderabad,MG Road,25-01-2025
296,Shreya Reddy,shreya.reddy@mail.com,Chennai,Station Road,26-01-2025
297,Shreya Naik,shreya.naik@mail.com,Kolkata,Link Road,27-01-2025
298,Shreya Chopra,shreya.chopra@mail.com,Ahmedabad,FC Road,28-01-2025
299,Shreya Bansal,shreya.bansal@mail.com,Jaipur,Ring Road,29-01-2025
300,Shreya Malhotra,shreya.malhotra@mail.com,Nagpur,Park Street,30-01-2025
301,Aarav Sharma,aarav.sharma@mail.com,Mumbai,MG Road,01-01-2025
302,Aarav Patil,aarav.patil@mail.com,Pune,Station Road,02-01-2025
303,Aarav Verma,aarav.verma@mail.com,Delhi,Link Road,03-01-2025
304,Aarav Gupta,aarav.gupta@mail.com,Bengaluru,FC Road,04-01-2025
305,Aarav Deshmukh,aarav.deshmukh@mail.com,Hyderabad,Ring Road,05-01-2025
306,Aarav Kulkarni,aarav.kulkarni@mail.com,Chennai,Park Street,06-01-2025
307,Aarav Mehta,aarav.mehta@mail.com,Kolkata,MG Road,07-01-2025
308,Aarav Jain,aarav.jain@mail.com,Ahmedabad,Station Road,08-01-2025
309,Aarav Khan,aarav.khan@mail.com,Jaipur,Link Road,09-01-2025
310,Aarav Iyer,aarav.iyer@mail.com,Nagpur,FC Road,10-01-2025
311,Aarav Reddy,aarav.reddy@mail.com,Mumbai,Ring Road,11-01-2025
312,Aarav Naik,aarav.naik@mail.com,Pune,Park Street,12-01-2025
313,Aarav Chopra,aarav.chopra@mail.com,Delhi,MG Road,13-01-2025
314,Aarav Bansal,aarav.bansal@mail.com,Bengaluru,Station Road,14-01-2025
315,Aarav Malhotra,aarav.malhotra@mail.com,Hyderabad,Link Road,15-01-2025
316,Vihaan Sharma,vihaan.sharma@mail.com,Chennai,FC Road,16-01-2025
317,Vihaan Patil,vihaan.patil@mail.com,Kolkata,Ring Road,17-01-2025
318,Vihaan Verma,vihaan.verma@mail.com,Ahmedabad,Park Street,18-01-2025
319,Vihaan Gupta,vihaan.gupta@mail.com,Jaipur,MG Road,19-01-2025
320,Vihaan Deshmukh,vihaan.deshmukh@mail.com,Nagpur,Station Road,20-01-2025
321,Vihaan Kulkarni,vihaan.kulkarni@mail.com,Mumbai,Link Road,21-01-2025
322,Vihaan Mehta,vihaan.mehta@mail.com,Pune,FC Road,22-01-2025
323,Vihaan Jain,vihaan.jain@mail.com,Delhi,Ring Road,23-01-2025
324,Vihaan Khan,vihaan.khan@mail.com,Bengaluru,Park Street,24-01-2025
325,Vihaan Iyer,vihaan.iyer@mail.com,Hyderabad,MG Road,25-01-2025
326,Vihaan Reddy,vihaan.reddy@mail.com,Chennai,Station Road,26-01-2025
327,Vihaan Naik,vihaan.naik@mail.com,Kolkata,Link Road,27-01-2025
328,Vihaan Chopra,vihaan.chopra@mail.com,Ahmedabad,FC Road,28-01-2025
329,Vihaan Bansal,vihaan.bansal@mail.com,Jaipur,Ring Road,29-01-2025
330,Vihaan Malhotra,vihaan.malhotra@mail.com,Nagpur,Park Street,30-01-2025
331,Aditya Sharma,aditya.sharma@mail.com,Mumbai,MG Road,01-01-2025
332,Aditya Patil,aditya.patil@mail.com,Pune,Station Road,02-01-2025
333,Aditya Verma,aditya.verma@mail.com,Delhi,Link Road,03-01-2025
334,Aditya Gupta,aditya.gupta@mail.com,Bengaluru,FC Road,04-01-2025
335,Aditya Deshmukh,aditya.deshmukh@mail.com,Hyderabad,Ring Road,05-01-2025
336,Aditya Kulkarni,aditya.kulkarni@mail.com,Chennai,Park Street,06-01-2025
337,Aditya Mehta,aditya.mehta@mail.com,Kolkata,MG Road,07-01-2025
338,Aditya Jain,aditya.jain@mail.com,Ahmedabad,Station Road,08-01-2025
339,Aditya Khan,aditya.khan@mail.com,Jaipur,Link Road,09-01-2025
340,Aditya Iyer,aditya.iyer@mail.com,Nagpur,FC Road,10-01-2025
341,Aditya Reddy,aditya.reddy@mail.com,Mumbai,Ring Road,11-01-2025
342,Aditya Naik,aditya.naik@mail.com,Pune,Park Street,12-01-2025
343,Aditya Chopra,aditya.chopra@mail.com,Delhi,MG Road,13-01-2025
344,Aditya Bansal,aditya.bansal@mail.com,Bengaluru,Station Road,14-01-2025
345,Aditya Malhotra,aditya.malhotra@mail.com,Hyderabad,Link Road,15-01-2025
346,Rohan Sharma,rohan.sharma@mail.com,Chennai,FC Road,16-01-2025
347,Rohan Patil,rohan.patil@mail.com,Kolkata,Ring Road,17-01-2025
348,Rohan Verma,rohan.verma@mail.com,Ahmedabad,Park Street,18-01-2025
349,Rohan Gupta,rohan.gupta@mail.com,Jaipur,MG Road,19-01-2025
350,Rohan Deshmukh,rohan.deshmukh@mail.com,Nagpur,Station Road,20-01-2025
351,Rohan Kulkarni,rohan.kulkarni@mail.com,Mumbai,Link Road,21-01-2025
352,Rohan Mehta,rohan.mehta@mail.com,Pune,FC Road,22-01-2025
353,Rohan Jain,rohan.jain@mail.com,Delhi,Ring Road,23-01-2025
354,Rohan Khan,rohan.khan@mail.com,Bengaluru,Park Street,24-01-2025
355,Rohan Iyer,rohan.iyer@mail.com,Hyderabad,MG Road,25-01-2025
356,Rohan Reddy,rohan.reddy@mail.com,Chennai,Station Road,26-01-2025
357,Rohan Naik,rohan.naik@mail.com,Kolkata,Link Road,27-01-2025
358,Rohan Chopra,rohan.chopra@mail.com,Ahmedabad,FC Road,28-01-2025
359,Rohan Bansal,rohan.bansal@mail.com,Jaipur,Ring Road,29-01-2025
360,Rohan Malhotra,rohan.malhotra@mail.com,Nagpur,Park Street,30-01-2025
361,Kunal Sharma,kunal.sharma@mail.com,Mumbai,MG Road,01-01-2025
362,Kunal Patil,kunal.patil@mail.com,Pune,Station Road,02-01-2025
363,Kunal Verma,kunal.verma@mail.com,Delhi,Link Road,03-01-2025
364,Kunal Gupta,kunal.gupta@mail.com,Bengaluru,FC Road,04-01-2025
365,Kunal Deshmukh,kunal.deshmukh@mail.com,Hyderabad,Ring Road,05-01-2025
366,Kunal Kulkarni,kunal.kulkarni@mail.com,Chennai,Park Street,06-01-2025
367,Kunal Mehta,kunal.mehta@mail.com,Kolkata,MG Road,07-01-2025
368,Kunal Jain,kunal.jain@mail.com,Ahmedabad,Station Road,08-01-2025
369,Kunal Khan,kunal.khan@mail.com,Jaipur,Link Road,09-01-2025
370,Kunal Iyer,kunal.iyer@mail.com,Nagpur,FC Road,10-01-2025
371,Kunal Reddy,kunal.reddy@mail.com,Mumbai,Ring Road,11-01-2025
372,Kunal Naik,kunal.naik@mail.com,Pune,Park Street,12-01-2025
373,Kunal Chopra,kunal.chopra@mail.com,Delhi,MG Road,13-01-2025
374,Kunal Bansal,kunal.bansal@mail.com,Bengaluru,Station Road,14-01-2025
375,Kunal Malhotra,kunal.malhotra@mail.com,Hyderabad,Link Road,15-01-2025
376,Rahul Sharma,rahul.sharma@mail.com,Chennai,FC Road,16-01-2025
377,Rahul Patil,rahul.patil@mail.com,Kolkata,Ring Road,17-01-2025
378,Rahul Verma,rahul.verma@mail.com,Ahmedabad,Park Street,18-01-2025
379,Rahul Gupta,rahul.gupta@mail.com,Jaipur,MG Road,19-01-2025
380,Rahul Deshmukh,rahul.deshmukh@mail.com,Nagpur,Station Road,20-01-2025
381,Rahul Kulkarni,rahul.kulkarni@mail.com,Mumbai,Link Road,21-01-2025
382,Rahul Mehta,rahul.mehta@mail.com,Pune,FC Road,22-01-2025
383,Rahul Jain,rahul.jain@mail.com,Delhi,Ring Road,23-01-2025
384,Rahul Khan,rahul.khan@mail.com,Bengaluru,Park Street,24-01-2025
385,Rahul Iyer,rahul.iyer@mail.com,Hyderabad,MG Road,25-01-2025
386,Rahul Reddy,rahul.reddy@mail.com,Chennai,Station Road,26-01-2025
387,Rahul Naik,rahul.naik@mail.com,Kolkata,Link Road,27-01-2025
388,Rahul Chopra,rahul.chopra@mail.com,Ahmedabad,FC Road,28-01-2025
389,Rahul Bansal,rahul.bansal@mail.com,Jaipur,Ring Road,29-01-2025
390,Rahul Malhotra,rahul.malhotra@mail.com,Nagpur,Park Street,30-01-2025
391,Suresh Sharma,suresh.sharma@mail.com,Mumbai,MG Road,01-01-2025
392,Suresh Patil,suresh.patil@mail.com,Pune,Station Road,02-01-2025
393,Suresh Verma,suresh.verma@mail.com,Delhi,Link Road,03-01-2025
394,Suresh Gupta,suresh.gupta@mail.com,Bengaluru,FC Road,04-01-2025
395,Suresh Deshmukh,suresh.deshmukh@mail.com,Hyderabad,Ring Road,05-01-2025
396,Suresh Kulkarni,suresh.kulkarni@mail.com,Chennai,Park Street,06-01-2025
397,Suresh Mehta,suresh.mehta@mail.com,Kolkata,MG Road,07-01-2025
398,Suresh Jain,suresh.jain@mail.com,Ahmedabad,Station Road,08-01-2025
399,Suresh Khan,suresh.khan@mail.com,Jaipur,Link Road,09-01-2025
400,Suresh Iyer,suresh.iyer@mail.com,Nagpur,FC Road,10-01-2025
401,Suresh Reddy,suresh.reddy@mail.com,Mumbai,Ring Road,11-01-2025
402,Suresh Naik,suresh.naik@mail.com,Pune,Park Street,12-01-2025
403,Suresh Chopra,suresh.chopra@mail.com,Delhi,MG Road,13-01-2025
404,Suresh Bansal,suresh.bansal@mail.com,Bengaluru,Station Road,14-01-2025
405,Suresh Malhotra,suresh.malhotra@mail.com,Hyderabad,Link Road,15-01-2025
406,Amit Sharma,amit.sharma@mail.com,Chennai,FC Road,16-01-2025
407,Amit Patil,amit.patil@mail.com,Kolkata,Ring Road,17-01-2025
408,Amit Verma,amit.verma@mail.com,Ahmedabad,Park Street,18-01-2025
409,Amit Gupta,amit.gupta@mail.com,Jaipur,MG Road,19-01-2025
410,Amit Deshmukh,amit.deshmukh@mail.com,Nagpur,Station Road,20-01-2025
411,Amit Kulkarni,amit.kulkarni@mail.com,Mumbai,Link Road,21-01-2025
412,Amit Mehta,amit.mehta@mail.com,Pune,FC Road,22-01-2025
413,Amit Jain,amit.jain@mail.com,Delhi,Ring Road,23-01-2025
414,Amit Khan,amit.khan@mail.com,Bengaluru,Park Street,24-01-2025
415,Amit Iyer,amit.iyer@mail.com,Hyderabad,MG Road,25-01-2025
416,Amit Reddy,amit.reddy@mail.com,Chennai,Station Road,26-01-2025
417,Amit Naik,amit.naik@mail.com,Kolkata,Link Road,27-01-2025
418,Amit Chopra,amit.chopra@mail.com,Ahmedabad,FC Road,28-01-2025
419,Amit Bansal,amit.bansal@mail.com,Jaipur,Ring Road,29-01-2025
420,Amit Malhotra,amit.malhotra@mail.com,Nagpur,Park Street,30-01-2025
421,Vivek Sharma,vivek.sharma@mail.com,Mumbai,MG Road,01-01-2025
422,Vivek Patil,vivek.patil@mail.com,Pune,Station Road,02-01-2025
423,Vivek Verma,vivek.verma@mail.com,Delhi,Link Road,03-01-2025
424,Vivek Gupta,vivek.gupta@mail.com,Bengaluru,FC Road,04-01-2025
425,Vivek Deshmukh,vivek.deshmukh@mail.com,Hyderabad,Ring Road,05-01-2025
426,Vivek Kulkarni,vivek.kulkarni@mail.com,Chennai,Park Street,06-01-2025
427,Vivek Mehta,vivek.mehta@mail.com,Kolkata,MG Road,07-01-2025
428,Vivek Jain,vivek.jain@mail.com,Ahmedabad,Station Road,08-01-2025
429,Vivek Khan,vivek.khan@mail.com,Jaipur,Link Road,09-01-2025
430,Vivek Iyer,vivek.iyer@mail.com,Nagpur,FC Road,10-01-2025
431,Vivek Reddy,vivek.reddy@mail.com,Mumbai,Ring Road,11-01-2025
432,Vivek Naik,vivek.naik@mail.com,Pune,Park Street,12-01-2025
433,Vivek Chopra,vivek.chopra@mail.com,Delhi,MG Road,13-01-2025
434,Vivek Bansal,vivek.bansal@mail.com,Bengaluru,Station Road,14-01-2025
435,Vivek Malhotra,vivek.malhotra@mail.com,Hyderabad,Link Road,15-01-2025
436,Ankit Sharma,ankit.sharma@mail.com,Chennai,FC Road,16-01-2025
437,Ankit Patil,ankit.patil@mail.com,Kolkata,Ring Road,17-01-2025
438,Ankit Verma,ankit.verma@mail.com,Ahmedabad,Park Street,18-01-2025
439,Ankit Gupta,ankit.gupta@mail.com,Jaipur,MG Road,19-01-2025
440,Ankit Deshmukh,ankit.deshmukh@mail.com,Nagpur,Station Road,20-01-2025
441,Ankit Kulkarni,ankit.kulkarni@mail.com,Mumbai,Link Road,21-01-2025
442,Ankit Mehta,ankit.mehta@mail.com,Pune,FC Road,22-01-2025
443,Ankit Jain,ankit.jain@mail.com,Delhi,Ring Road,23-01-2025
444,Ankit Khan,ankit.khan@mail.com,Bengaluru,Park Street,24-01-2025
445,Ankit Iyer,ankit.iyer@mail.com,Hyderabad,MG Road,25-01-2025
446,Ankit Reddy,ankit.reddy@mail.com,Chennai,Station Road,26-01-2025
447,Ankit Naik,ankit.naik@mail.com,Kolkata,Link Road,27-01-2025
448,Ankit Chopra,ankit.chopra@mail.com,Ahmedabad,FC Road,28-01-2025
449,Ankit Bansal,ankit.bansal@mail.com,Jaipur,Ring Road,29-01-2025
450,Ankit Malhotra,ankit.malhotra@mail.com,Nagpur,Park Street,30-01-2025
451,Priya Sharma,priya.sharma@mail.com,Mumbai,MG Road,01-01-2025
452,Priya Patil,priya.patil@mail.com,Pune,Station Road,02-01-2025
453,Priya Verma,priya.verma@mail.com,Delhi,Link Road,03-01-2025
454,Priya Gupta,priya.gupta@mail.com,Bengaluru,FC Road,04-01-2025
455,Priya Deshmukh,priya.deshmukh@mail.com,Hyderabad,Ring Road,05-01-2025
456,Priya Kulkarni,priya.kulkarni@mail.com,Chennai,Park Street,06-01-2025
457,Priya Mehta,priya.mehta@mail.com,Kolkata,MG Road,07-01-2025
458,Priya Jain,priya.jain@mail.com,Ahmedabad,Station Road,08-01-2025
459,Priya Khan,priya.khan@mail.com,Jaipur,Link Road,09-01-2025
460,Priya Iyer,priya.iyer@mail.com,Nagpur,FC Road,10-01-2025
461,Priya Reddy,priya.reddy@mail.com,Mumbai,Ring Road,11-01-2025
462,Priya Naik,priya.naik@mail.com,Pune,Park Street,12-01-2025
463,Priya Chopra,priya.chopra@mail.com,Delhi,MG Road,13-01-2025
464,Priya Bansal,priya.bansal@mail.com,Bengaluru,Station Road,14-01-2025
465,Priya Malhotra,priya.malhotra@mail.com,Hyderabad,Link Road,15-01-2025
466,Neha Sharma,neha.sharma@mail.com,Chennai,FC Road,16-01-2025
467,Neha Patil,neha.patil@mail.com,Kolkata,Ring Road,17-01-2025
468,Neha Verma,neha.verma@mail.com,Ahmedabad,Park Street,18-01-2025
469,Neha Gupta,neha.gupta@mail.com,Jaipur,MG Road,19-01-2025
470,Neha Deshmukh,neha.deshmukh@mail.com,Nagpur,Station Road,20-01-2025
471,Neha Kulkarni,neha.kulkarni@mail.com,Mumbai,Link Road,21-01-2025
472,Neha Mehta,neha.mehta@mail.com,Pune,FC Road,22-01-2025
473,Neha Jain,neha.jain@mail.com,Delhi,Ring Road,23-01-2025
474,Neha Khan,neha.khan@mail.com,Bengaluru,Park Street,24-01-2025
475,Neha Iyer,neha.iyer@mail.com,Hyderabad,MG Road,25-01-2025
476,Neha Reddy,neha.reddy@mail.com,Chennai,Station Road,26-01-2025
477,Neha Naik,neha.naik@mail.com,Kolkata,Link Road,27-01-2025
478,Neha Chopra,neha.chopra@mail.com,Ahmedabad,FC Road,28-01-2025
479,Neha Bansal,neha.bansal@mail.com,Jaipur,Ring Road,29-01-2025
480,Neha Malhotra,neha.malhotra@mail.com,Nagpur,Park Street,30-01-2025
481,Pooja Sharma,pooja.sharma@mail.com,Mumbai,MG Road,01-01-2025
482,Pooja Patil,pooja.patil@mail.com,Pune,Station Road,02-01-2025
483,Pooja Verma,pooja.verma@mail.com,Delhi,Link Road,03-01-2025
484,Pooja Gupta,pooja.gupta@mail.com,Bengaluru,FC Road,04-01-2025
485,Pooja Deshmukh,pooja.deshmukh@mail.com,Hyderabad,Ring Road,05-01-2025
486,Pooja Kulkarni,pooja.kulkarni@mail.com,Chennai,Park Street,06-01-2025
487,Pooja Mehta,pooja.mehta@mail.com,Kolkata,MG Road,07-01-2025
488,Pooja Jain,pooja.jain@mail.com,Ahmedabad,Station Road,08-01-2025
489,Pooja Khan,pooja.khan@mail.com,Jaipur,Link Road,09-01-2025
490,Pooja Iyer,pooja.iyer@mail.com,Nagpur,FC Road,10-01-2025
485,Aarav Sharma,AARAV.SHARMA@MAIL.COM, Mumbai ,Station Road - Updated,01-02-2025
485,Aarav Sharma,AARAV.SHARMA@MAIL.COM, Mumbai ,Station Road - Updated,01-02-2025
486,Aarav Patil,AARAV.PATIL@MAIL.COM, Pune ,Link Road - Updated,02-02-2025
486,Aarav Patil,AARAV.PATIL@MAIL.COM, Pune ,Link Road - Updated,02-02-2025
487,Aarav Verma,AARAV.VERMA@MAIL.COM, Delhi ,FC Road - Updated,03-02-2025
487,Aarav Verma,AARAV.VERMA@MAIL.COM, Delhi ,FC Road - Updated,03-02-2025
488,Aarav Gupta,AARAV.GUPTA@MAIL.COM, Bengaluru ,Ring Road - Updated,04-02-2025
488,Aarav Gupta,AARAV.GUPTA@MAIL.COM, Bengaluru ,Ring Road - Updated,04-02-2025
489,Aarav Deshmukh,AARAV.DESHMUKH@MAIL.COM, Hyderabad ,Park Street - Updated,05-02-2025
489,Aarav Deshmukh,AARAV.DESHMUKH@MAIL.COM, Hyderabad ,Park Street - Updated,05-02-2025
