StoreID,StoreName,Region
100,Mumbai Store,West
101,Pune Store,North
102,Nagpur Store,South
103,Nashik Store,West
104,Kolhapur Store,North
105,Satara Store,South
106,Aurangabad Store,West
107,Mumbai Store,North
108,Pune Store,South
109,Nagpur Store,West
110,Nashik Store,North
111,Kolhapur Store,South
112,Satara Store,West
113,Aurangabad Store,North
114,Mumbai Store,South
115,Pune Store,West
116,Nagpur Store,North
117,Nashik Store,South
118,Kolhapur Store,West
119,Satara Store,North
120,Aurangabad Store,South
121,Mumbai Store,West
122,Pune Store,North
123,Nagpur Store,South
124,Nashik Store,West
125,Kolhapur Store,North
126,Satara Store,South
127,Aurangabad Store,West
128,Mumbai Store,North
129,Pune Store,South
130,Nagpur Store,West
131,Nashik Store,North
132,Kolhapur Store,South
133,Satara Store,West
134,Aurangabad Store,North
135,Mumbai Store,South
136,Pune Store,West
137,Nagpur Store,North
138,Nashik Store,South
139,Kolhapur Store,West
140,Satara Store,North
141,Aurangabad Store,South
142,Mumbai Store,West
143,Pune Store,North
144,Nagpur Store,South
145,Nashik Store,West
146,Kolhapur Store,North
147,Satara Store,South
148,Aurangabad Store,West
149,Mumbai Store,North
150,Pune Store,South
151,Nagpur Store,West
152,Nashik Store,North
153,Kolhapur Store,South
154,Satara Store,West
155,Aurangabad Store,North
156,Mumbai Store,South
157,Pune Store,West
158,Nagpur Store,North
159,Nashik Store,South
160,Kolhapur Store,West
161,Satara Store,North
162,Aurangabad Store,South
163,Mumbai Store,West
164,Pune Store,North
165,Nagpur Store,South
166,Nashik Store,West
167,Kolhapur Store,North
168,Satara Store,South
169,Aurangabad Store,West
170,Mumbai Store,North
171,Pune Store,South
172,Nagpur Store,West
173,Nashik Store,North
174,Kolhapur Store,South
175,Satara Store,West
176,Aurangabad Store,North
177,Mumbai Store,South
178,Pune Store,West
179,Nagpur Store,North
180,Nashik Store,South
181,Kolhapur Store,West
182,Satara Store,North
183,Aurangabad Store,South
184,Mumbai Store,West
185,Pune Store,North
186,Nagpur Store,South
187,Nashik Store,West
188,Kolhapur Store,North
189,Satara Store,South
190,Aurangabad Store,West
191,Mumbai Store,North
192,Pune Store,South
193,Nagpur Store,West
194,Nashik Store,North
195,Kolhapur Store,South
196,Satara Store,West
197,Aurangabad Store,North
198,Mumbai Store,South
199,Pune Store,West
200,Nagpur Store,North
201,Nashik Store,South
202,Kolhapur Store,West
203,Satara Store,North
204,Aurangabad Store,South
205,Mumbai Store,West
206,Pune Store,North
207,Nagpur Store,South
208,Nashik Store,West
209,Kolhapur Store,North
210,Satara Store,South
211,Aurangabad Store,West
212,Mumbai Store,North
213,Pune Store,South
214,Nagpur Store,West
215,Nashik Store,North
216,Kolhapur Store,South
217,Satara Store,West
218,Aurangabad Store,North
219,Mumbai Store,South
220,Pune Store,West
221,Nagpur Store,North
222,Nashik Store,South
223,Kolhapur Store,West
224,Satara Store,North
225,Aurangabad Store,South
226,Mumbai Store,West
227,Pune Store,North
228,Nagpur Store,South
229,Nashik Store,West
230,Kolhapur Store,North
231,Satara Store,South
232,Aurangabad Store,West
233,Mumbai Store,North
234,Pune Store,South
235,Nagpur Store,West
236,Nashik Store,North
237,Kolhapur Store,South
238,Satara Store,West
239,Aurangabad Store,North
240,Mumbai Store,South
241,Pune Store,West
242,Nagpur Store,North
243,Nashik Store,South
244,Kolhapur Store,West
245,Satara Store,North
246,Aurangabad Store,South
247,Mumbai Store,West
248,Pune Store,North
249,Nagpur Store,South
250,Nashik Store,West
251,Kolhapur Store,North
252,Satara Store,South
253,Aurangabad Store,West
254,Mumbai Store,North
255,Pune Store,South
256,Nagpur Store,West
257,Nashik Store,North
258,Kolhapur Store,South
259,Satara Store,West
260,Aurangabad Store,North
261,Mumbai Store,South
262,Pune Store,West
263,Nagpur Store,North
264,Nashik Store,South
265,Kolhapur Store,West
266,Satara Store,North
267,Aurangabad Store,South
268,Mumbai Store,West
269,Pune Store,North
270,Nagpur Store,South
271,Nashik Store,West
272,Kolhapur Store,North
273,Satara Store,South
274,Aurangabad Store,West
275,Mumbai Store,North
276,Pune Store,South
277,Nagpur Store,West
278,Nashik Store,North
279,Kolhapur Store,South
280,Satara Store,West
281,Aurangabad Store,North
282,Mumbai Store,South
283,Pune Store,West
284,Nagpur Store,North
285,Nashik Store,South
286,Kolhapur Store,West
287,Satara Store,North
288,Aurangabad Store,South
289,Mumbai Store,West
290,Pune Store,North
291,Nagpur Store,South
292,Nashik Store,West
293,Kolhapur Store,North
294,Satara Store,South
295,Aurangabad Store,West
296,Mumbai Store,North
297,Pune Store,South
298,Nagpur Store,West
299,Nashik Store,North
300,Kolhapur Store,South
301,Satara Store,West
302,Aurangabad Store,North
303,Mumbai Store,South
304,Pune Store,West
305,Nagpur Store,North
306,Nashik Store,South
307,Kolhapur Store,West
308,Satara Store,North
309,Aurangabad Store,South
310,Mumbai Store,West
311,Pune Store,North
312,Nagpur Store,South
313,Nashik Store,West
314,Kolhapur Store,North
315,Satara Store,South
316,Aurangabad Store,West
317,Mumbai Store,North
318,Pune Store,South
319,Nagpur Store,West
320,Nashik Store,North
321,Kolhapur Store,South
322,Satara Store,West
323,Aurangabad Store,North
324,Mumbai Store,South
325,Pune Store,West
326,Nagpur Store,North
327,Nashik Store,South
328,Kolhapur Store,West
329,Satara Store,North
330,Aurangabad Store,South
331,Mumbai Store,West
332,Pune Store,North
333,Nagpur Store,South
334,Nashik Store,West
335,Kolhapur Store,North
336,Satara Store,South
337,Aurangabad Store,West
338,Mumbai Store,North
339,Pune Store,South
340,Nagpur Store,West
341,Nashik Store,North
342,Kolhapur Store,South
343,Satara Store,West
344,Aurangabad Store,North
345,Mumbai Store,South
346,Pune Store,West
347,Nagpur Store,North
348,Nashik Store,South
349,Kolhapur Store,West
350,Satara Store,North
351,Aurangabad Store,South
352,Mumbai Store,West
353,Pune Store,North
354,Nagpur Store,South
355,Nashik Store,West
356,Kolhapur Store,North
357,Satara Store,South
358,Aurangabad Store,West
359,Mumbai Store,North
360,Pune Store,South
361,Nagpur Store,West
362,Nashik Store,North
363,Kolhapur Store,South
364,Satara Store,West
365,Aurangabad Store,North
366,Mumbai Store,South
367,Pune Store,West
368,Nagpur Store,North
369,Nashik Store,South
370,Kolhapur Store,West
371,Satara Store,North
372,Aurangabad Store,South
373,Mumbai Store,West
374,Pune Store,North
375,Nagpur Store,South
376,Nashik Store,West
377,Kolhapur Store,North
378,Satara Store,South
379,Aurangabad Store,West
380,Mumbai Store,North
381,Pune Store,South
382,Nagpur Store,West
383,Nashik Store,North
384,Kolhapur Store,South
385,Satara Store,West
386,Aurangabad Store,North
387,Mumbai Store,South
388,Pune Store,West
389,Nagpur Store,North
390,Nashik Store,South
391,Kolhapur Store,West
392,Satara Store,North
393,Aurangabad Store,South
394,Mumbai Store,West
395,Pune Store,North
396,Nagpur Store,South
397,Nashik Store,West
398,Kolhapur Store,North
399,Satara Store,South
400,Aurangabad Store,West
401,Mumbai Store,North
402,Pune Store,South
403,Nagpur Store,West
404,Nashik Store,North
405,Kolhapur Store,South
406,Satara Store,West
407,Aurangabad Store,North
408,Mumbai Store,South
409,Pune Store,West
410,Nagpur Store,North
411,Nashik Store,South
412,Kolhapur Store,West
413,Satara Store,North
414,Aurangabad Store,South
415,Mumbai Store,West
416,Pune Store,North
417,Nagpur Store,South
418,Nashik Store,West
419,Kolhapur Store,North
420,Satara Store,South
421,Aurangabad Store,West
422,Mumbai Store,North
423,Pune Store,South
424,Nagpur Store,West
425,Nashik Store,North
426,Kolhapur Store,South
427,Satara Store,West
428,Aurangabad Store,North
429,Mumbai Store,South
430,Pune Store,West
431,Nagpur Store,North
432,Nashik Store,South
433,Kolhapur Store,West
434,Satara Store,North
435,Aurangabad Store,South
436,Mumbai Store,West
437,Pune Store,North
438,Nagpur Store,South
439,Nashik Store,West
440,Kolhapur Store,North
441,Satara Store,South
442,Aurangabad Store,West
443,Mumbai Store,North
444,Pune Store,South
445,Nagpur Store,West
446,Nashik Store,North
447,Kolhapur Store,South
448,Satara Store,West
449,Aurangabad Store,North
450,Mumbai Store,South
451,Pune Store,West
452,Nagpur Store,North
453,Nashik Store,South
454,Kolhapur Store,West
455,Satara Store,North
456,Aurangabad Store,South
457,Mumbai Store,West
458,Pune Store,North
459,Nagpur Store,South
460,Nashik Store,West
461,Kolhapur Store,North
462,Satara Store,South
463,Aurangabad Store,West
464,Mumbai Store,North
465,Pune Store,South
466,Nagpur Store,West
467,Nashik Store,North
468,Kolhapur Store,South
469,Satara Store,West
470,Aurangabad Store,North
471,Mumbai Store,South
472,Pune Store,West
473,Nagpur Store,North
474,Nashik Store,South
475,Kolhapur Store,West
476,Satara Store,North
477,Aurangabad Store,South
478,Mumbai Store,West
479,Pune Store,North
480,Nagpur Store,South
481,Nashik Store,West
482,Kolhapur Store,North
483,Satara Store,South
484,Aurangabad Store,West
485,Mumbai Store,North
486,Pune Store,South
487,Nagpur Store,West
488,Nashik Store,North
489,Kolhapur Store,South
490,Satara Store,West
491,Aurangabad Store,North
492,Mumbai Store,South
493,Pune Store,West
494,Nagpur Store,North
495,Nashik Store,South
496,Kolhapur Store,West
497,Satara Store,North
498,Aurangabad Store,South
499,Mumbai Store,West
500,Pune Store,North
501,Nagpur Store,South
502,Nashik Store,West
503,Kolhapur Store,North
504,Satara Store,South
505,Aurangabad Store,West
506,Mumbai Store,North
507,Pune Store,South
508,Nagpur Store,West
509,Nashik Store,North
510,Kolhapur Store,South
511,Satara Store,West
512,Aurangabad Store,North
513,Mumbai Store,South
514,Pune Store,West
515,Nagpur Store,North
516,Nashik Store,South
517,Kolhapur Store,West
518,Satara Store,North
519,Aurangabad Store,South
520,Mumbai Store,West
521,Pune Store,North
522,Nagpur Store,South
523,Nashik Store,West
524,Kolhapur Store,North
525,Satara Store,South
526,Aurangabad Store,West
527,Mumbai Store,North
528,Pune Store,South
529,Nagpur Store,West
530,Nashik Store,North
531,Kolhapur Store,South
532,Satara Store,West
533,Aurangabad Store,North
534,Mumbai Store,South
535,Pune Store,West
536,Nagpur Store,North
537,Nashik Store,South
538,Kolhapur Store,West
539,Satara Store,North
540,Aurangabad Store,South
541,Mumbai Store,West
542,Pune Store,North
543,Nagpur Store,South
544,Nashik Store,West
545,Kolhapur Store,North
546,Satara Store,South
547,Aurangabad Store,West
548,Mumbai Store,North
549,Pune Store,South
550,Nagpur Store,West
551,Nashik Store,North
552,Kolhapur Store,South
553,Satara Store,West
554,Aurangabad Store,North
555,Mumbai Store,South
556,Pune Store,West
557,Nagpur Store,North
558,Nashik Store,South
559,Kolhapur Store,West
560,Satara Store,North
561,Aurangabad Store,South
562,Mumbai Store,West
563,Pune Store,North
564,Nagpur Store,South
565,Nashik Store,West
566,Kolhapur Store,North
567,Satara Store,South
568,Aurangabad Store,West
569,Mumbai Store,North
570,Pune Store,South
571,Nagpur Store,West
572,Nashik Store,North
573,Kolhapur Store,South
574,Satara Store,West
575,Aurangabad Store,North
576,Mumbai Store,South
577,Pune Store,West
578,Nagpur Store,North
579,Nashik Store,South
580,Kolhapur Store,West
581,Satara Store,North
582,Aurangabad Store,South
583,Mumbai Store,West
584,Pune Store,North
585,Nagpur Store,South
586,Nashik Store,West
587,Kolhapur Store,North
588,Satara Store,South
589,Aurangabad Store,West
590,MUMBAI STORE,
591,pune store,
592,NAGPUR STORE,
593,nashik store,
594,KOLHAPUR STORE,
595,satara store,South
596,AURANGABAD STORE,West
597,mumbai store,North
598,PUNE STORE,South
599,nagpur store,West
